{
  "type": "service_account",
  "project_id": "namewillbehere",
  "private_key_id": "keyidwillbehere",
  "private_key": "-----BEGIN PRIVATE KEY-----\ndifferentcharactershere\ndifferentcharactershere\ndifferentcharactershere\ndifferentcharactershere\ndifferentcharactershere\ndifferentcharactershere\ndifferentcharactershere\ndifferentcharactershere\ndifferentcharactershere\ndifferentcharactershere\ndifferentcharactershere\ndifferentcharactershere-----END PRIVATE KEY-----\n",
  "client_email": "clientemailhere",
  "client_id": "clientidhere",
  "auth_uri": "accountauthurihere",
  "token_uri": "tokenurihere",
  "auth_provider_x509_cert_url": "providerauthurihere",
  "client_x509_cert_url": "clienturihere",
  "universe_domain": "googleapis.com"
}
